Summary,Issue key,Issue id,Issue Type,Status,Project key,Project name,Project type,Project lead,Project lead id,Project description,Priority,Resolution,Assignee,Assignee Id,Reporter,Reporter Id,Creator,Creator Id,Created,Updated,Last Viewed,Resolved,Due date,Votes,Description,Environment,Watchers,Watchers Id,Original estimate,Remaining Estimate,Time Spent,Work Ratio,Σ Original Estimate,Σ Remaining Estimate,Σ Time Spent,Security Level,Outward issue link (Blocks),Outward issue link (Blocks),Outward issue link (Blocks),Outward issue link (Blocks),Outward issue link (Blocks),Outward issue link (Blocks),Outward issue link (Cloners),Outward issue link (Relates),Outward issue link (Relates),Outward issue link (Relates),Attachment,Attachment,Attachment,Custom field (Actual end),Custom field (Actual start),Custom field (Change reason),Custom field (Change risk),Custom field (Change type),Custom field (Development),Custom field (Epic Color),Custom field (Epic Link),Custom field (Epic Name),Custom field (Epic Status),Custom field (Impact),Custom field (Issue color),Custom field (Rank),Custom field (Request Type),Sprint,Custom field (Start date),Custom field (Story Points),Custom field (Story point estimate),Custom field (Target end),Custom field (Target start),Custom field (Team),Custom field ([CHART] Date of First Response),Status Category
Verify the Shipping 'Date End' field with future dates,UN-93,10118,Test,blocked,UN,Uniform,software,Manaswita panigrahi,612ef79b8bb88c006f3e36bb,,Medium,,Manaswita panigrahi,612ef79b8bb88c006f3e36bb,Manaswita panigrahi,612ef79b8bb88c006f3e36bb,Manaswita panigrahi,612ef79b8bb88c006f3e36bb,07/Sep/21 7:32 AM,07/Sep/21 10:48 AM,08/Sep/21 10:29 AM,,,0,,,Manaswita panigrahi,612ef79b8bb88c006f3e36bb,,,,,,,,,,,,,,,UN-92,UN-49,,,,,,,,,,,{},,,,,,,0|i00093:y,,UN Sprint 1,,,,,,,,In Progress
Verify the Tax 'Date End' field with future dates,UN-92,10117,Test,blocked,UN,Uniform,software,Manaswita panigrahi,612ef79b8bb88c006f3e36bb,,Medium,,Manaswita panigrahi,612ef79b8bb88c006f3e36bb,Manaswita panigrahi,612ef79b8bb88c006f3e36bb,Manaswita panigrahi,612ef79b8bb88c006f3e36bb,07/Sep/21 7:30 AM,07/Sep/21 10:27 AM,09/Sep/21 5:04 AM,,,0,,,Manaswita panigrahi,612ef79b8bb88c006f3e36bb,,,,,,,,,,,,,,,UN-91,UN-26,,,,,,,,,,,{},,,,,,,0|i00094:o,,UN Sprint 1,,,,,,,,In Progress
Verify the Orders 'Date End' field with future dates,UN-91,10116,Test,blocked,UN,Uniform,software,Manaswita panigrahi,612ef79b8bb88c006f3e36bb,,Medium,,Manaswita panigrahi,612ef79b8bb88c006f3e36bb,Manaswita panigrahi,612ef79b8bb88c006f3e36bb,Manaswita panigrahi,612ef79b8bb88c006f3e36bb,07/Sep/21 7:29 AM,07/Sep/21 10:28 AM,09/Sep/21 3:01 AM,,,0,,,Manaswita panigrahi,612ef79b8bb88c006f3e36bb,,,,,,,,,,,,,,,UN-44,UN-3,,,,,,,,,,,{},,,,,,,0|i00094:r,,UN Sprint 1,,,,,,,,In Progress
"In Shipping section, when previous button is clicked, it must redirect to the previous page",UN-90,10115,Test,Done,UN,Uniform,software,Manaswita panigrahi,612ef79b8bb88c006f3e36bb,,Medium,Done,Manaswita panigrahi,612ef79b8bb88c006f3e36bb,Manaswita panigrahi,612ef79b8bb88c006f3e36bb,Manaswita panigrahi,612ef79b8bb88c006f3e36bb,07/Sep/21 6:57 AM,07/Sep/21 11:25 AM,09/Sep/21 5:04 AM,07/Sep/21 11:25 AM,,0,,,Manaswita panigrahi,612ef79b8bb88c006f3e36bb,,,,,,,,,,,,,,,UN-86,UN-78,,,,,,,,,,,{},,,,,,,0|i00094:m,,UN Sprint 1,,,,,,,,In Progress
"In Shipping section's pagination, on the last page the next button must be disabled",UN-89,10114,Test,Done,UN,Uniform,software,Manaswita panigrahi,612ef79b8bb88c006f3e36bb,,Medium,Done,Manaswita panigrahi,612ef79b8bb88c006f3e36bb,Manaswita panigrahi,612ef79b8bb88c006f3e36bb,Manaswita panigrahi,612ef79b8bb88c006f3e36bb,07/Sep/21 6:55 AM,07/Sep/21 11:28 AM,09/Sep/21 5:04 AM,07/Sep/21 11:28 AM,,0,,,Manaswita panigrahi,612ef79b8bb88c006f3e36bb,,,,,,,,,,,,,,,UN-85,UN-78,,,,,,,,,,,{},,,,,,,0|i00093:x,,UN Sprint 1,,,,,,,,In Progress
"In Shipping section's pagination, on the first page the previous button must be disabled",UN-88,10113,Test,Done,UN,Uniform,software,Manaswita panigrahi,612ef79b8bb88c006f3e36bb,,Medium,Done,Manaswita panigrahi,612ef79b8bb88c006f3e36bb,Manaswita panigrahi,612ef79b8bb88c006f3e36bb,Manaswita panigrahi,612ef79b8bb88c006f3e36bb,07/Sep/21 6:49 AM,07/Sep/21 11:25 AM,09/Sep/21 5:04 AM,07/Sep/21 11:25 AM,,0,,,Manaswita panigrahi,612ef79b8bb88c006f3e36bb,,,,,,,,,,,,,,,UN-84,UN-78,,,,,,,,,,,{},,,,,,,0|i00093:v,,UN Sprint 1,,,,,,,,In Progress
"In Shipping section, when next button is clicked, it must redirect to the next page",UN-87,10112,Test,Done,UN,Uniform,software,Manaswita panigrahi,612ef79b8bb88c006f3e36bb,,Medium,Done,Manaswita panigrahi,612ef79b8bb88c006f3e36bb,Manaswita panigrahi,612ef79b8bb88c006f3e36bb,Manaswita panigrahi,612ef79b8bb88c006f3e36bb,07/Sep/21 6:45 AM,07/Sep/21 11:27 AM,09/Sep/21 5:04 AM,07/Sep/21 11:27 AM,,0,,,Manaswita panigrahi,612ef79b8bb88c006f3e36bb,,,,,,,,,,,,,,,UN-83,UN-78,,,,,,,,,,,{},,,,,,,0|i0008z:,,UN Sprint 1,,,,,,,,In Progress
"In Tax section, when previous button is clicked, it must redirect to the previous page",UN-86,10111,Test,Done,UN,Uniform,software,Manaswita panigrahi,612ef79b8bb88c006f3e36bb,,Medium,Done,Manaswita panigrahi,612ef79b8bb88c006f3e36bb,Manaswita panigrahi,612ef79b8bb88c006f3e36bb,Manaswita panigrahi,612ef79b8bb88c006f3e36bb,07/Sep/21 6:12 AM,07/Sep/21 11:27 AM,08/Sep/21 5:17 AM,07/Sep/21 11:27 AM,,0,,,Manaswita panigrahi,612ef79b8bb88c006f3e36bb,,,,,,,,,,,,,,,UN-82,UN-77,,,,,,,,,,,{},,,,,,,0|i00094:9,,UN Sprint 1,,,,,,,,In Progress
"In Tax section's pagination, on the last page the next button must be disabled",UN-85,10110,Test,Done,UN,Uniform,software,Manaswita panigrahi,612ef79b8bb88c006f3e36bb,,Medium,Done,Manaswita panigrahi,612ef79b8bb88c006f3e36bb,Manaswita panigrahi,612ef79b8bb88c006f3e36bb,Manaswita panigrahi,612ef79b8bb88c006f3e36bb,07/Sep/21 6:09 AM,07/Sep/21 11:25 AM,08/Sep/21 5:18 AM,07/Sep/21 11:25 AM,,0,,,Manaswita panigrahi,612ef79b8bb88c006f3e36bb,,,,,,,,,,,,,,,UN-81,UN-77,,,,,,,,,,,{},,,,,,,0|i00093:m,,UN Sprint 1,,,,,,,,In Progress
"In Tax section's pagination, on the first page the previous button must be disabled",UN-84,10109,Test,Done,UN,Uniform,software,Manaswita panigrahi,612ef79b8bb88c006f3e36bb,,Medium,Done,Manaswita panigrahi,612ef79b8bb88c006f3e36bb,Manaswita panigrahi,612ef79b8bb88c006f3e36bb,Manaswita panigrahi,612ef79b8bb88c006f3e36bb,07/Sep/21 6:07 AM,07/Sep/21 11:25 AM,08/Sep/21 5:17 AM,07/Sep/21 11:25 AM,,0,,,Manaswita panigrahi,612ef79b8bb88c006f3e36bb,,,,,,,,,,,,,,,UN-80,UN-77,,,,,,,,,,,{},,,,,,,0|i00094:i,,UN Sprint 1,,,,,,,,In Progress
"In Tax section, when next button is clicked, it must redirect to the next page",UN-83,10108,Test,Done,UN,Uniform,software,Manaswita panigrahi,612ef79b8bb88c006f3e36bb,,Medium,Done,Manaswita panigrahi,612ef79b8bb88c006f3e36bb,Manaswita panigrahi,612ef79b8bb88c006f3e36bb,Manaswita panigrahi,612ef79b8bb88c006f3e36bb,07/Sep/21 5:24 AM,07/Sep/21 11:25 AM,08/Sep/21 5:16 AM,07/Sep/21 11:25 AM,,0,,,Manaswita panigrahi,612ef79b8bb88c006f3e36bb,,,,,,,,,,,,,,,UN-79,UN-77,,,,,,,,,,,{},,,,,,,0|i00093:r,,UN Sprint 1,,,,,,,,In Progress
"In Orders section, when previous button is clicked, it must redirect to the previous page",UN-82,10107,Test,Done,UN,Uniform,software,Manaswita panigrahi,612ef79b8bb88c006f3e36bb,,Medium,Done,Manaswita panigrahi,612ef79b8bb88c006f3e36bb,Manaswita panigrahi,612ef79b8bb88c006f3e36bb,Manaswita panigrahi,612ef79b8bb88c006f3e36bb,07/Sep/21 5:07 AM,07/Sep/21 11:25 AM,09/Sep/21 5:04 AM,07/Sep/21 11:25 AM,,0,,,Manaswita panigrahi,612ef79b8bb88c006f3e36bb,,,,,,,,,,,,,,,UN-79,UN-76,,,,,,,,,,,{},,,,,,,0|i00093:i,,UN Sprint 1,,,,,,,,In Progress
"In Orders section's pagination, on the last page the next button must be disabled",UN-81,10106,Test,Done,UN,Uniform,software,Manaswita panigrahi,612ef79b8bb88c006f3e36bb,,Medium,Done,Manaswita panigrahi,612ef79b8bb88c006f3e36bb,Manaswita panigrahi,612ef79b8bb88c006f3e36bb,Manaswita panigrahi,612ef79b8bb88c006f3e36bb,07/Sep/21 5:05 AM,07/Sep/21 11:25 AM,09/Sep/21 5:04 AM,07/Sep/21 11:25 AM,,0,,,Manaswita panigrahi,612ef79b8bb88c006f3e36bb,,,,,,,,,,,,,,,UN-80,UN-76,,,,,,,,,,,{},,,,,,,0|i00091:,,UN Sprint 1,,,,,,,,In Progress
"In Orders section's pagination, on the first page the previous button must be disabled",UN-80,10105,Test,Done,UN,Uniform,software,Manaswita panigrahi,612ef79b8bb88c006f3e36bb,,Medium,Done,Manaswita panigrahi,612ef79b8bb88c006f3e36bb,Manaswita panigrahi,612ef79b8bb88c006f3e36bb,Manaswita panigrahi,612ef79b8bb88c006f3e36bb,07/Sep/21 4:54 AM,07/Sep/21 11:25 AM,09/Sep/21 5:04 AM,07/Sep/21 11:25 AM,,0,,,Manaswita panigrahi,612ef79b8bb88c006f3e36bb,,,,,,,,,,,,,,,,UN-76,,,,,,,,,,,{},,,,,,,0|i00094:,,UN Sprint 1,,,,,,,,In Progress
"In Orders section, when next button is clicked, it must redirect to the next page",UN-79,10104,Test,Done,UN,Uniform,software,Manaswita panigrahi,612ef79b8bb88c006f3e36bb,,Medium,Done,Manaswita panigrahi,612ef79b8bb88c006f3e36bb,Manaswita panigrahi,612ef79b8bb88c006f3e36bb,Manaswita panigrahi,612ef79b8bb88c006f3e36bb,07/Sep/21 4:38 AM,07/Sep/21 11:26 AM,09/Sep/21 5:04 AM,07/Sep/21 11:26 AM,,0,,,Manaswita panigrahi,612ef79b8bb88c006f3e36bb,,,,,,,,,,,,,,,,UN-76,,,,,,,,,,,{},,,,,,,0|i00093:,,UN Sprint 1,,,,,,,,In Progress
"As an admin, I want to see the pagination for more than 20 records in the Shipping section so that, the sever response is fast and weight of the page is reduced",UN-78,10103,Story,Done,UN,Uniform,software,Manaswita panigrahi,612ef79b8bb88c006f3e36bb,,Medium,Done,Manaswita panigrahi,612ef79b8bb88c006f3e36bb,Manaswita panigrahi,612ef79b8bb88c006f3e36bb,Manaswita panigrahi,612ef79b8bb88c006f3e36bb,07/Sep/21 4:21 AM,07/Sep/21 11:25 AM,09/Sep/21 4:00 AM,07/Sep/21 11:25 AM,,0,,,Manaswita panigrahi,612ef79b8bb88c006f3e36bb,,,,,,,,,,,,,,,,,,,,,,,,,,,{},,UN-1,,,,,0|i0008w:zgi,,UN Sprint 1,,,,,,,,In Progress
"As an admin, I want to see the pagination for more than 20 records in the Tax section so that, the sever response is fast and weight of the page is reduced",UN-77,10102,Story,Done,UN,Uniform,software,Manaswita panigrahi,612ef79b8bb88c006f3e36bb,,Medium,Done,Manaswita panigrahi,612ef79b8bb88c006f3e36bb,Manaswita panigrahi,612ef79b8bb88c006f3e36bb,Manaswita panigrahi,612ef79b8bb88c006f3e36bb,07/Sep/21 4:21 AM,07/Sep/21 11:26 AM,09/Sep/21 3:59 AM,07/Sep/21 11:26 AM,,0,,,Manaswita panigrahi,612ef79b8bb88c006f3e36bb,,,,,,,,,,,,,,,,,,,,,,,,,,,{},,UN-1,,,,,0|i0008w:zh,,UN Sprint 1,,,,,,,,In Progress
"As an admin, I want to see the pagination for more than 20 records in the Orders section so that, the sever response is fast and weight of the page is reduced",UN-76,10101,Story,Done,UN,Uniform,software,Manaswita panigrahi,612ef79b8bb88c006f3e36bb,,Medium,Done,Manaswita panigrahi,612ef79b8bb88c006f3e36bb,Manaswita panigrahi,612ef79b8bb88c006f3e36bb,Manaswita panigrahi,612ef79b8bb88c006f3e36bb,07/Sep/21 4:07 AM,09/Sep/21 3:48 AM,09/Sep/21 4:00 AM,07/Sep/21 11:24 AM,,0,,,Manaswita panigrahi,612ef79b8bb88c006f3e36bb,,,,,,,,,,,,,,,,,,,,,,,,,,,{},,UN-1,,,,,0|i0008w:zf,,UN Sprint 1,,,,,,,,In Progress
'Date End' field is taking dates prior to the start date,UN-75,10100,Bug,To Do,UN,Uniform,software,Manaswita panigrahi,612ef79b8bb88c006f3e36bb,,Medium,,Manaswita panigrahi,612ef79b8bb88c006f3e36bb,Manaswita panigrahi,612ef79b8bb88c006f3e36bb,Manaswita panigrahi,612ef79b8bb88c006f3e36bb,06/Sep/21 12:18 PM,07/Sep/21 10:33 AM,09/Sep/21 3:04 AM,,,0,"'Date End' field is accepting dates prior to the Start Date

Steps to reproduce

1.Go to the website by logging in

2.Go to the reports section(Bug is present in 3 sections-Orders, Tax and Shipping):

          I. Go to Orders section under sales and verify the Date End field with date before the Start Date

         II. Go to Tax section and under sales and verify the Date End field with date before the Start Date

        III. Go to Shipping  section under sales and verify the Date End field with date before the Start Date        

Expected Results:

'Date End' field should not accept dates before the Start Date

Actual Results:

'Date End' field is accepting dates before the Start Date

Orders page

!Screenshot (1625)-20210906-123838.png|width=50%!

Tax page

!Screenshot (1624)-20210906-123912.png|width=50%!

Shipping page

!Screenshot (1623)-20210906-123936.png|width=50%!",,Manaswita panigrahi,612ef79b8bb88c006f3e36bb,,,,,,,,,UN-47,UN-60,UN-46,UN-3,UN-26,UN-49,,UN-47,UN-46,UN-60,06/Sep/21 12:41 PM;ug:0f381bf0-2b71-4758-b2ed-f6152ad6b58f;Screenshot (1623)-20210906-123936.png;https://corporateola77.atlassian.net/secure/attachment/10004/Screenshot+%281623%29-20210906-123936.png,06/Sep/21 12:41 PM;ug:0f381bf0-2b71-4758-b2ed-f6152ad6b58f;Screenshot (1624)-20210906-123912.png;https://corporateola77.atlassian.net/secure/attachment/10005/Screenshot+%281624%29-20210906-123912.png,06/Sep/21 12:41 PM;ug:0f381bf0-2b71-4758-b2ed-f6152ad6b58f;Screenshot (1625)-20210906-123838.png;https://corporateola77.atlassian.net/secure/attachment/10003/Screenshot+%281625%29-20210906-123838.png,,,,,,{},,,,,,,0|i0008w:zm,,UN Sprint 1,,,,,,,,To Do
"In Shipping sales reports, 'Date Start' and 'Date End' field is accepting future dates",UN-74,10099,Bug,To Do,UN,Uniform,software,Manaswita panigrahi,612ef79b8bb88c006f3e36bb,,Medium,,Manaswita panigrahi,612ef79b8bb88c006f3e36bb,Manaswita panigrahi,612ef79b8bb88c006f3e36bb,Manaswita panigrahi,612ef79b8bb88c006f3e36bb,06/Sep/21 11:56 AM,07/Sep/21 10:48 AM,09/Sep/21 3:05 AM,,,0,"In Shipping section, ‘Date Start’ and ‘Date End’  fields are accepting future dates

Steps to reproduce

1.Go to the website by logging in

2.Go to the reports section

3.Go to Shipping section under sales

4.Verify the 'Date Start' and Date End'  fields with future dates

Expected Results:

‘Date Start' and 'Date End’ fields should not accept future dates

Actual Results:

‘Date start' and 'Date End’ fields are accepting future date

!Screenshot (1622)-20210906-120453.png|width=1536,height=789!",,Manaswita panigrahi,612ef79b8bb88c006f3e36bb,,,,,,,,,UN-48,UN-93,UN-49,UN-57,,,UN-73,UN-57,UN-93,,07/Sep/21 8:46 AM;ug:0f381bf0-2b71-4758-b2ed-f6152ad6b58f;Screenshot (1622)-20210906-120453.png;https://corporateola77.atlassian.net/secure/attachment/10007/Screenshot+%281622%29-20210906-120453.png,,,,,,,,{},,,,,,,0|i0008w:zi,,UN Sprint 1,,,,,,,,To Do
"In Tax sales reports, 'Date Start' and 'Date End' field is accepting future dates",UN-73,10098,Bug,To Do,UN,Uniform,software,Manaswita panigrahi,612ef79b8bb88c006f3e36bb,,Medium,,Manaswita panigrahi,612ef79b8bb88c006f3e36bb,Manaswita panigrahi,612ef79b8bb88c006f3e36bb,Manaswita panigrahi,612ef79b8bb88c006f3e36bb,06/Sep/21 10:59 AM,07/Sep/21 10:53 AM,09/Sep/21 3:07 AM,,,0,"In Tax section, ‘Date Start’ and 'Date End' fields are accepting future dates

Steps to reproduce

1.Go to the website by logging in

2.Go to the reports section

3.Go to Tax section under sales

4.Verify the ‘Date Start' and 'Date End’ fields with future dates

Expected Results:

‘Date Start' and 'Date End’  fields should not accept future dates

Actual Results:

'Date start' and ‘Date End’ fields is accepting future date

!Screenshot (1620)-20210906-114800.png|width=58.333333333333336%!",,Manaswita panigrahi,612ef79b8bb88c006f3e36bb,,,,,,,,,UN-26,UN-45,UN-25,UN-92,,,UN-72,UN-92,UN-45,,06/Sep/21 11:52 AM;ug:0f381bf0-2b71-4758-b2ed-f6152ad6b58f;Screenshot (1620)-20210906-114800.png;https://corporateola77.atlassian.net/secure/attachment/10002/Screenshot+%281620%29-20210906-114800.png,,,,,,,,{},,,,,,,0|i0008w:zl,,UN Sprint 1,,,,,,,,To Do
"In Orders sales reports, 'Date Start' and 'Date End' field is accepting future dates",UN-72,10097,Bug,To Do,UN,Uniform,software,Manaswita panigrahi,612ef79b8bb88c006f3e36bb,,Medium,,Manaswita panigrahi,612ef79b8bb88c006f3e36bb,Manaswita panigrahi,612ef79b8bb88c006f3e36bb,Manaswita panigrahi,612ef79b8bb88c006f3e36bb,06/Sep/21 10:25 AM,07/Sep/21 10:40 AM,09/Sep/21 5:04 AM,,,0,"In Orders section, ‘Date Start’ and Date End'  fields are accepting future dates

Steps to reproduce

1.Go to the website by logging in

2.Go to the reports section

3.Go to Order section under sales

4.Verify the 'Date Start' and 'Date End' fields with future dates

Expected Results:

‘Date Start' and 'Date End’ fields should not accept future dates

Actual Results:

Date start and Date End field are accepting future date

!Screenshot (1621)-20210906-114827.png|width=1536,height=787!",,Manaswita panigrahi,612ef79b8bb88c006f3e36bb,,,,,,,,,UN-3,UN-44,UN-2,UN-91,,,,UN-91,UN-44,,07/Sep/21 4:17 AM;ug:0f381bf0-2b71-4758-b2ed-f6152ad6b58f;Screenshot (1621)-20210906-114827.png;https://corporateola77.atlassian.net/secure/attachment/10006/Screenshot+%281621%29-20210906-114827.png,,,,,,,,{},,,,,,,0|i0008w:zo,,UN Sprint 1,,,,,,,,To Do
Verify the Shipping reports pagination does not show more links than the total page count,UN-71,10096,Test,Done,UN,Uniform,software,Manaswita panigrahi,612ef79b8bb88c006f3e36bb,,Medium,Done,Manaswita panigrahi,612ef79b8bb88c006f3e36bb,Manaswita panigrahi,612ef79b8bb88c006f3e36bb,Manaswita panigrahi,612ef79b8bb88c006f3e36bb,06/Sep/21 8:56 AM,07/Sep/21 11:28 AM,09/Sep/21 5:04 AM,07/Sep/21 11:28 AM,,0,,,Manaswita panigrahi,612ef79b8bb88c006f3e36bb,,,,,,,,,,,,,,,UN-70,UN-78,,,,,,,,,,,{},,,,,,,0|i0008w:yl,,UN Sprint 1,,,,,,,,In Progress
Verify the Tax reports pagination does not show more links than the total page count,UN-70,10095,Test,Done,UN,Uniform,software,Manaswita panigrahi,612ef79b8bb88c006f3e36bb,,Medium,Done,Manaswita panigrahi,612ef79b8bb88c006f3e36bb,Manaswita panigrahi,612ef79b8bb88c006f3e36bb,Manaswita panigrahi,612ef79b8bb88c006f3e36bb,06/Sep/21 8:54 AM,07/Sep/21 11:25 AM,08/Sep/21 5:17 AM,07/Sep/21 11:25 AM,,0,,,Manaswita panigrahi,612ef79b8bb88c006f3e36bb,,,,,,,,,,,,,,,UN-69,UN-77,,,,,,,,,,,{},,,,,,,0|i0008w:zd,,UN Sprint 1,,,,,,,,In Progress
Verify the Orders reports pagination does not show more links than the total page count,UN-69,10094,Test,Done,UN,Uniform,software,Manaswita panigrahi,612ef79b8bb88c006f3e36bb,,Medium,Done,Manaswita panigrahi,612ef79b8bb88c006f3e36bb,Manaswita panigrahi,612ef79b8bb88c006f3e36bb,Manaswita panigrahi,612ef79b8bb88c006f3e36bb,06/Sep/21 8:36 AM,07/Sep/21 11:24 AM,09/Sep/21 3:49 AM,07/Sep/21 11:24 AM,,0,,,Manaswita panigrahi,612ef79b8bb88c006f3e36bb,,,,,,,,,,,,,,,,UN-76,,,,,,,,,,,{},,,,,,,0|i0008w:z,,UN Sprint 1,,,,,,,,In Progress
Verify the 'shipping section' if filter button is clickable,UN-68,10093,Test,Done,UN,Uniform,software,Manaswita panigrahi,612ef79b8bb88c006f3e36bb,,Medium,Done,Manaswita panigrahi,612ef79b8bb88c006f3e36bb,Manaswita panigrahi,612ef79b8bb88c006f3e36bb,Manaswita panigrahi,612ef79b8bb88c006f3e36bb,06/Sep/21 7:39 AM,07/Sep/21 11:28 AM,09/Sep/21 5:04 AM,07/Sep/21 11:28 AM,,0,,,Manaswita panigrahi,612ef79b8bb88c006f3e36bb,,,,,,,,,,,,,,,UN-22,UN-53,,,,,,,,,,,{},,,,,,,0|i0008w:yr,,UN Sprint 1,,,,,,,,In Progress
Verify the Shipping Date Start and Date End fields are correctly filtered in the result,UN-67,10092,Test,Done,UN,Uniform,software,Manaswita panigrahi,612ef79b8bb88c006f3e36bb,,Medium,Done,Manaswita panigrahi,612ef79b8bb88c006f3e36bb,Manaswita panigrahi,612ef79b8bb88c006f3e36bb,Manaswita panigrahi,612ef79b8bb88c006f3e36bb,06/Sep/21 7:07 AM,07/Sep/21 11:24 AM,09/Sep/21 5:04 AM,07/Sep/21 11:24 AM,,0,,,Manaswita panigrahi,612ef79b8bb88c006f3e36bb,,,,,,,,,,,,,,,UN-23,UN-53,,,,,,,,,,,{},,,,,,,0|i0008w:yg,,UN Sprint 1,,,,,,,,In Progress
Verify whether the Shipping Group By and Order Status are filtered in the result,UN-66,10091,Test,Done,UN,Uniform,software,Manaswita panigrahi,612ef79b8bb88c006f3e36bb,,Medium,Done,Manaswita panigrahi,612ef79b8bb88c006f3e36bb,Manaswita panigrahi,612ef79b8bb88c006f3e36bb,Manaswita panigrahi,612ef79b8bb88c006f3e36bb,06/Sep/21 7:05 AM,07/Sep/21 11:24 AM,09/Sep/21 5:04 AM,07/Sep/21 11:24 AM,,0,,,Manaswita panigrahi,612ef79b8bb88c006f3e36bb,,,,,,,,,,,,,,,UN-24,UN-53,,,,,,,,,,,{},,,,,,,0|i0008w:yf,,UN Sprint 1,,,,,,,,In Progress
"Shipping section must show the Date Start, Date End, Shipping title, No. Orders and Total in result",UN-65,10090,Test,Done,UN,Uniform,software,Manaswita panigrahi,612ef79b8bb88c006f3e36bb,,Medium,Done,Manaswita panigrahi,612ef79b8bb88c006f3e36bb,Manaswita panigrahi,612ef79b8bb88c006f3e36bb,Manaswita panigrahi,612ef79b8bb88c006f3e36bb,06/Sep/21 7:01 AM,07/Sep/21 11:25 AM,09/Sep/21 5:04 AM,07/Sep/21 11:25 AM,,0,,,Manaswita panigrahi,612ef79b8bb88c006f3e36bb,,,,,,,,,,,,,,,UN-41,UN-52,,,,,,,,,,,{},,,,,,,0|i0008w:yd,,UN Sprint 1,,,,,,,,In Progress
Verify whether the Shipping 'Order Status' field shows dropdown box on clicking,UN-64,10089,Test,Done,UN,Uniform,software,Manaswita panigrahi,612ef79b8bb88c006f3e36bb,,Medium,Done,Manaswita panigrahi,612ef79b8bb88c006f3e36bb,Manaswita panigrahi,612ef79b8bb88c006f3e36bb,Manaswita panigrahi,612ef79b8bb88c006f3e36bb,06/Sep/21 6:40 AM,07/Sep/21 11:24 AM,09/Sep/21 5:04 AM,07/Sep/21 11:24 AM,,0,,,Manaswita panigrahi,612ef79b8bb88c006f3e36bb,,,,,,,,,,,,,,,UN-37,UN-51,,,,,,,,,,,{},,,,,,,0|i0008w:y9,,UN Sprint 1,,,,,,,,In Progress
Verify the Shipping 'Order Status' field with multiple selection from the dropdown list,UN-63,10088,Test,Done,UN,Uniform,software,Manaswita panigrahi,612ef79b8bb88c006f3e36bb,,Medium,Done,Manaswita panigrahi,612ef79b8bb88c006f3e36bb,Manaswita panigrahi,612ef79b8bb88c006f3e36bb,Manaswita panigrahi,612ef79b8bb88c006f3e36bb,06/Sep/21 6:37 AM,07/Sep/21 11:24 AM,09/Sep/21 5:04 AM,07/Sep/21 11:24 AM,,0,,,Manaswita panigrahi,612ef79b8bb88c006f3e36bb,,,,,,,,,,,,,,,UN-39,UN-51,,,,,,,,,,,{},,,,,,,0|i0008w:y4,,UN Sprint 1,,,,,,,,In Progress
Verify the Shipping 'Group By' field with whether admin is able to select an option from the dropdown list,UN-62,10087,Test,Done,UN,Uniform,software,Manaswita panigrahi,612ef79b8bb88c006f3e36bb,,Medium,Done,Manaswita panigrahi,612ef79b8bb88c006f3e36bb,Manaswita panigrahi,612ef79b8bb88c006f3e36bb,Manaswita panigrahi,612ef79b8bb88c006f3e36bb,06/Sep/21 6:21 AM,07/Sep/21 11:24 AM,09/Sep/21 5:04 AM,07/Sep/21 11:24 AM,,0,,,Manaswita panigrahi,612ef79b8bb88c006f3e36bb,,,,,,,,,,,,,,,UN-11,UN-50,,,,,,,,,,,{},,,,,,,0|i0008w:y2,,UN Sprint 1,,,,,,,,In Progress
"Verify that on clicking the Shipping 'Group By' field, admin sees the dropdown list",UN-61,10086,Test,Done,UN,Uniform,software,Manaswita panigrahi,612ef79b8bb88c006f3e36bb,,Medium,Done,Manaswita panigrahi,612ef79b8bb88c006f3e36bb,Manaswita panigrahi,612ef79b8bb88c006f3e36bb,Manaswita panigrahi,612ef79b8bb88c006f3e36bb,06/Sep/21 6:17 AM,07/Sep/21 11:26 AM,09/Sep/21 5:04 AM,07/Sep/21 11:26 AM,,0,,,Manaswita panigrahi,612ef79b8bb88c006f3e36bb,,,,,,,,,,,,,,,UN-10,UN-50,,,,,,,,,,,{},,,,,,,0|i0008w:y1,,UN Sprint 1,,,,,,,,In Progress
Verify the shipping 'Date End' field if it is taking dates prior to the Start Date,UN-60,10085,Test,blocked,UN,Uniform,software,Manaswita panigrahi,612ef79b8bb88c006f3e36bb,,Medium,,Manaswita panigrahi,612ef79b8bb88c006f3e36bb,Manaswita panigrahi,612ef79b8bb88c006f3e36bb,Manaswita panigrahi,612ef79b8bb88c006f3e36bb,06/Sep/21 6:11 AM,07/Sep/21 10:33 AM,09/Sep/21 3:03 AM,,,0,,,Manaswita panigrahi,612ef79b8bb88c006f3e36bb,,,,,,,,,,,,,,,UN-47,UN-49,,,,,,,,,,,{},,,,,,,0|i0008w:y,,UN Sprint 1,,,,,,,,In Progress
Verify the Shipping 'Date End' field with selecting a date from the calendar,UN-59,10084,Test,Done,UN,Uniform,software,Manaswita panigrahi,612ef79b8bb88c006f3e36bb,,Medium,Done,Manaswita panigrahi,612ef79b8bb88c006f3e36bb,Manaswita panigrahi,612ef79b8bb88c006f3e36bb,Manaswita panigrahi,612ef79b8bb88c006f3e36bb,06/Sep/21 6:08 AM,07/Sep/21 11:25 AM,09/Sep/21 5:04 AM,07/Sep/21 11:25 AM,,0,,,Manaswita panigrahi,612ef79b8bb88c006f3e36bb,,,,,,,,,,,,,,,UN-8,UN-49,,,,,,,,,,,{},,,,,,,0|i0008w:x,,UN Sprint 1,,,,,,,,In Progress
Verify the Shipping 'Date End' field with whether the calendar displays on clicking on the calendar icon,UN-58,10083,Test,Done,UN,Uniform,software,Manaswita panigrahi,612ef79b8bb88c006f3e36bb,,Medium,Done,Manaswita panigrahi,612ef79b8bb88c006f3e36bb,Manaswita panigrahi,612ef79b8bb88c006f3e36bb,Manaswita panigrahi,612ef79b8bb88c006f3e36bb,06/Sep/21 6:06 AM,07/Sep/21 11:27 AM,09/Sep/21 5:04 AM,07/Sep/21 11:27 AM,,0,,,Manaswita panigrahi,612ef79b8bb88c006f3e36bb,,,,,,,,,,,,,,,UN-9,UN-49,,,,,,,,,,,{},,,,,,,0|i0008w:v,,UN Sprint 1,,,,,,,,In Progress
Verify the shipping 'Date start' field with future dates,UN-57,10082,Test,blocked,UN,Uniform,software,Manaswita panigrahi,612ef79b8bb88c006f3e36bb,,Medium,,Manaswita panigrahi,612ef79b8bb88c006f3e36bb,Manaswita panigrahi,612ef79b8bb88c006f3e36bb,Manaswita panigrahi,612ef79b8bb88c006f3e36bb,06/Sep/21 6:00 AM,07/Sep/21 10:37 AM,09/Sep/21 5:04 AM,,,0,,,Manaswita panigrahi,612ef79b8bb88c006f3e36bb,,,,,,,,,,,,,,,UN-44,UN-48,,,,,,,,,,,{},,,,,,,0|i0008w:r,,UN Sprint 1,,,,,,,,In Progress
Verify that the Shipping 'Date Start' field with manually entered date in a proper format,UN-56,10081,Test,Done,UN,Uniform,software,Manaswita panigrahi,612ef79b8bb88c006f3e36bb,,Medium,Done,Manaswita panigrahi,612ef79b8bb88c006f3e36bb,Manaswita panigrahi,612ef79b8bb88c006f3e36bb,Manaswita panigrahi,612ef79b8bb88c006f3e36bb,06/Sep/21 5:58 AM,07/Sep/21 11:26 AM,09/Sep/21 5:04 AM,07/Sep/21 11:26 AM,,0,,,Manaswita panigrahi,612ef79b8bb88c006f3e36bb,,,,,,,,,,,,,,,UN-31,UN-48,,,,,,,,,,,{},,,,,,,0|i0008w:d,,UN Sprint 1,,,,,,,,In Progress
Verify the Shipping 'Date Start' field with selecting a date from the calendar,UN-55,10080,Test,Done,UN,Uniform,software,Manaswita panigrahi,612ef79b8bb88c006f3e36bb,,Medium,Done,Manaswita panigrahi,612ef79b8bb88c006f3e36bb,Manaswita panigrahi,612ef79b8bb88c006f3e36bb,Manaswita panigrahi,612ef79b8bb88c006f3e36bb,06/Sep/21 5:55 AM,07/Sep/21 11:28 AM,09/Sep/21 5:04 AM,07/Sep/21 11:28 AM,,0,,,Manaswita panigrahi,612ef79b8bb88c006f3e36bb,,,,,,,,,,,,,,,UN-7,UN-48,,,,,,,,,,,{},,,,,,,0|i0008w:b,,UN Sprint 1,,,,,,,,In Progress
Verify the Shipping 'Date Start' field with whether the calendar displays on clicking on the calendar icon,UN-54,10079,Test,Done,UN,Uniform,software,Manaswita panigrahi,612ef79b8bb88c006f3e36bb,,Medium,Done,Manaswita panigrahi,612ef79b8bb88c006f3e36bb,Manaswita panigrahi,612ef79b8bb88c006f3e36bb,Manaswita panigrahi,612ef79b8bb88c006f3e36bb,06/Sep/21 5:52 AM,07/Sep/21 11:28 AM,09/Sep/21 5:04 AM,07/Sep/21 11:28 AM,,0,,,Manaswita panigrahi,612ef79b8bb88c006f3e36bb,,,,,,,,,,,,,,,UN-6,UN-48,,,,,,,,,,,{},,,,,,,0|i0008w:9,,UN Sprint 1,,,,,,,,In Progress
"As an admin, I want to filter the Shipping Date Start, Date End, Group By and Order Status fields so that I can get my desired records",UN-53,10078,Story,Done,UN,Uniform,software,Manaswita panigrahi,612ef79b8bb88c006f3e36bb,,Medium,Done,Manaswita panigrahi,612ef79b8bb88c006f3e36bb,Manaswita panigrahi,612ef79b8bb88c006f3e36bb,Manaswita panigrahi,612ef79b8bb88c006f3e36bb,06/Sep/21 5:22 AM,07/Sep/21 11:31 AM,09/Sep/21 5:04 AM,07/Sep/21 11:31 AM,,0,,,Manaswita panigrahi,612ef79b8bb88c006f3e36bb,,,,,,,,,,,,,,,,,,,,,,,,,,,{},,UN-1,,,,,0|i0008w:4,,UN Sprint 1,,,,,,,,In Progress
"As an admin, I want to see the Date Start, Date End, Shipping title,  No. Orders and Total in results, so that i can get a clear picture of the details",UN-52,10077,Story,Done,UN,Uniform,software,Manaswita panigrahi,612ef79b8bb88c006f3e36bb,,Medium,Done,Manaswita panigrahi,612ef79b8bb88c006f3e36bb,Manaswita panigrahi,612ef79b8bb88c006f3e36bb,Manaswita panigrahi,612ef79b8bb88c006f3e36bb,06/Sep/21 5:21 AM,07/Sep/21 11:27 AM,09/Sep/21 5:04 AM,07/Sep/21 11:27 AM,,0,,,Manaswita panigrahi,612ef79b8bb88c006f3e36bb,,,,,,,,,,,,,,,,,,,,,,,,,,,{},,UN-1,,,,,0|i0008w:,,UN Sprint 1,,,,,,,,In Progress
"As an admin, I want to give Shipping order status so that I can filter all shipments coming under that status",UN-51,10076,Story,Done,UN,Uniform,software,Manaswita panigrahi,612ef79b8bb88c006f3e36bb,,Medium,Done,Manaswita panigrahi,612ef79b8bb88c006f3e36bb,Manaswita panigrahi,612ef79b8bb88c006f3e36bb,Manaswita panigrahi,612ef79b8bb88c006f3e36bb,06/Sep/21 5:18 AM,07/Sep/21 11:27 AM,09/Sep/21 3:23 AM,07/Sep/21 11:27 AM,,0,,,Manaswita panigrahi,612ef79b8bb88c006f3e36bb,,,,,,,,,,,,,,,,,,,,,,,,,,,{},,UN-1,,,,,0|i0008q:,,UN Sprint 1,,,,,,,,In Progress
"As an admin, I want to Group By the shipments so that I can access the shipping details for a specified time",UN-50,10075,Story,Done,UN,Uniform,software,Manaswita panigrahi,612ef79b8bb88c006f3e36bb,,Medium,Done,Manaswita panigrahi,612ef79b8bb88c006f3e36bb,Manaswita panigrahi,612ef79b8bb88c006f3e36bb,Manaswita panigrahi,612ef79b8bb88c006f3e36bb,06/Sep/21 5:17 AM,07/Sep/21 11:27 AM,09/Sep/21 3:22 AM,07/Sep/21 11:27 AM,,0,,,Manaswita panigrahi,612ef79b8bb88c006f3e36bb,,,,,,,,,,,,,,,,,,,,,,,,,,,{},,UN-1,,,,,0|i0008k:,,UN Sprint 1,,,,,,,,In Progress
"As an admin, I want  to enter Shipping End date, so that I can get all details upto the last shipment",UN-49,10074,Story,blocked,UN,Uniform,software,Manaswita panigrahi,612ef79b8bb88c006f3e36bb,,Medium,,Manaswita panigrahi,612ef79b8bb88c006f3e36bb,Manaswita panigrahi,612ef79b8bb88c006f3e36bb,Manaswita panigrahi,612ef79b8bb88c006f3e36bb,06/Sep/21 5:15 AM,07/Sep/21 7:44 AM,09/Sep/21 3:20 AM,,,0,,,Manaswita panigrahi,612ef79b8bb88c006f3e36bb,,,,,,,,,,,,,,,,,,,,,,,,,,,{},,UN-1,,,,,0|i0008d:,,UN Sprint 1,,,,,,,,In Progress
"As an admin, I want to enter Shipping Start date ,so that I can  get the detail of all shipments from the first order",UN-48,10073,Story,blocked,UN,Uniform,software,Manaswita panigrahi,612ef79b8bb88c006f3e36bb,,Medium,,Manaswita panigrahi,612ef79b8bb88c006f3e36bb,Manaswita panigrahi,612ef79b8bb88c006f3e36bb,Manaswita panigrahi,612ef79b8bb88c006f3e36bb,06/Sep/21 5:14 AM,07/Sep/21 7:41 AM,09/Sep/21 3:18 AM,,,0,,,Manaswita panigrahi,612ef79b8bb88c006f3e36bb,,,,,,,,,,,,,,,,,,,,,,,,,,,{},,UN-1,,,,,0|i00087:,,UN Sprint 1,,,,,,,,In Progress
Verify the Orders 'Date End' field if it is taking dates prior to the Start Date,UN-47,10072,Test,blocked,UN,Uniform,software,Manaswita panigrahi,612ef79b8bb88c006f3e36bb,,Medium,,Manaswita panigrahi,612ef79b8bb88c006f3e36bb,Manaswita panigrahi,612ef79b8bb88c006f3e36bb,Manaswita panigrahi,612ef79b8bb88c006f3e36bb,06/Sep/21 5:08 AM,07/Sep/21 9:42 AM,09/Sep/21 3:00 AM,,,0,,,Manaswita panigrahi,612ef79b8bb88c006f3e36bb,,,,,,,,,,,,,,,UN-46,UN-3,,,,,,,,,,,{},,,,,,,0|i0007u:,,UN Sprint 1,,,,,,,,In Progress
Verify the Tax 'Date End' field if it is taking dates prior to the Start Date,UN-46,10071,Test,blocked,UN,Uniform,software,Manaswita panigrahi,612ef79b8bb88c006f3e36bb,,Medium,,Manaswita panigrahi,612ef79b8bb88c006f3e36bb,Manaswita panigrahi,612ef79b8bb88c006f3e36bb,Manaswita panigrahi,612ef79b8bb88c006f3e36bb,06/Sep/21 5:00 AM,07/Sep/21 10:31 AM,09/Sep/21 3:04 AM,,,0,,,Manaswita panigrahi,612ef79b8bb88c006f3e36bb,,,,,,,,,,,,,,,UN-45,UN-26,,,,,,,,,,,{},,,,,,,0|i0007n:,,UN Sprint 1,,,,,,,,In Progress
Verify the Tax 'Date start' field with future dates,UN-45,10070,Test,blocked,UN,Uniform,software,Manaswita panigrahi,612ef79b8bb88c006f3e36bb,,Medium,,Manaswita panigrahi,612ef79b8bb88c006f3e36bb,Manaswita panigrahi,612ef79b8bb88c006f3e36bb,Manaswita panigrahi,612ef79b8bb88c006f3e36bb,06/Sep/21 4:54 AM,07/Sep/21 10:53 AM,08/Sep/21 5:35 AM,,,0,,,Manaswita panigrahi,612ef79b8bb88c006f3e36bb,,,,,,,,,,,,,,,UN-44,UN-25,,,,,,,,,,,{},,,,,,,0|i00075:,,UN Sprint 1,,,,,,,,In Progress
Verify the Orders 'Date start' field with future dates,UN-44,10069,Test,blocked,UN,Uniform,software,Manaswita panigrahi,612ef79b8bb88c006f3e36bb,,Medium,,Manaswita panigrahi,612ef79b8bb88c006f3e36bb,Manaswita panigrahi,612ef79b8bb88c006f3e36bb,Manaswita panigrahi,612ef79b8bb88c006f3e36bb,06/Sep/21 4:49 AM,07/Sep/21 10:40 AM,09/Sep/21 2:58 AM,,,0,,,Manaswita panigrahi,612ef79b8bb88c006f3e36bb,,,,,,,,,,,,,,,,UN-2,,,,,,,,,,,{},,,,,,,0|i00074:r,,UN Sprint 1,,,,,,,,In Progress
"As an admin, I want to see the Date Start, Date End, No. Orders, No. products, tax and Total in results, so that i can get a clear picture of the details",UN-43,10068,Story,Done,UN,Uniform,software,Manaswita panigrahi,612ef79b8bb88c006f3e36bb,,Medium,Done,Manaswita panigrahi,612ef79b8bb88c006f3e36bb,Manaswita panigrahi,612ef79b8bb88c006f3e36bb,Manaswita panigrahi,612ef79b8bb88c006f3e36bb,06/Sep/21 4:44 AM,07/Sep/21 11:28 AM,09/Sep/21 5:04 AM,07/Sep/21 11:28 AM,,0,,,Manaswita panigrahi,612ef79b8bb88c006f3e36bb,,,,,,,,,,,,,,,,,,,,,,,,,,,{},,UN-1,,,,,0|i0008w:zf9,,UN Sprint 1,,,,,,,,In Progress
"Orders section must show the Date Start, Date End, No. Orders, No. products, tax and Total in the result",UN-42,10067,Test,Done,UN,Uniform,software,Manaswita panigrahi,612ef79b8bb88c006f3e36bb,,Medium,Done,Manaswita panigrahi,612ef79b8bb88c006f3e36bb,Manaswita panigrahi,612ef79b8bb88c006f3e36bb,Manaswita panigrahi,612ef79b8bb88c006f3e36bb,06/Sep/21 4:30 AM,07/Sep/21 11:28 AM,09/Sep/21 5:04 AM,07/Sep/21 11:28 AM,,0,,,Manaswita panigrahi,612ef79b8bb88c006f3e36bb,,,,,,,,,,,,,,,UN-41,UN-43,,,,,,,,,,,{},,,,,,,0|i00074:o,,UN Sprint 1,,,,,,,,In Progress
"Tax section must show the Date Start, Date End, Tax title, No. Orders and Total in result",UN-41,10066,Test,Done,UN,Uniform,software,Manaswita panigrahi,612ef79b8bb88c006f3e36bb,,Medium,Done,Manaswita panigrahi,612ef79b8bb88c006f3e36bb,Manaswita panigrahi,612ef79b8bb88c006f3e36bb,Manaswita panigrahi,612ef79b8bb88c006f3e36bb,03/Sep/21 10:38 AM,07/Sep/21 11:24 AM,09/Sep/21 5:04 AM,07/Sep/21 11:24 AM,,0,,,Manaswita panigrahi,612ef79b8bb88c006f3e36bb,,,,,,,,,,,,,,,,UN-40,,,,,,,,,,,{},,,,,,,0|i00074:m,,UN Sprint 1,,,,,,,,In Progress
"As an admin, I want to see the Date Start, Date End, Tax Title, No.Orders and Total in results, so that i can get a clear picture of the details",UN-40,10065,Story,Done,UN,Uniform,software,Manaswita panigrahi,612ef79b8bb88c006f3e36bb,,Medium,Done,Manaswita panigrahi,612ef79b8bb88c006f3e36bb,Manaswita panigrahi,612ef79b8bb88c006f3e36bb,Manaswita panigrahi,612ef79b8bb88c006f3e36bb,03/Sep/21 10:34 AM,07/Sep/21 11:24 AM,09/Sep/21 5:04 AM,07/Sep/21 11:24 AM,,0,,,Manaswita panigrahi,612ef79b8bb88c006f3e36bb,,,,,,,,,,,,,,,,,,,,,,,,,,,{},,UN-1,,,,,0|i0005y:9,,UN Sprint 1,,,,,,,,In Progress
Verify the Tax 'Order Status' field with multiple selection from the dropdown list,UN-39,10064,Test,Done,UN,Uniform,software,Manaswita panigrahi,612ef79b8bb88c006f3e36bb,,Medium,Done,Manaswita panigrahi,612ef79b8bb88c006f3e36bb,Manaswita panigrahi,612ef79b8bb88c006f3e36bb,Manaswita panigrahi,612ef79b8bb88c006f3e36bb,03/Sep/21 9:11 AM,07/Sep/21 11:31 AM,09/Sep/21 5:04 AM,07/Sep/21 11:31 AM,,0,,,Manaswita panigrahi,612ef79b8bb88c006f3e36bb,,,,,,,,,,,,,,,UN-14,UN-28,,,,,,,,,,,{},,,,,,,0|i00074:i,,UN Sprint 1,,,,,,,,In Progress
Verify 'Order Status' field in Tax whether admin is able to select an option from the dropdown,UN-38,10063,Test,Done,UN,Uniform,software,Manaswita panigrahi,612ef79b8bb88c006f3e36bb,,Medium,Done,Manaswita panigrahi,612ef79b8bb88c006f3e36bb,Manaswita panigrahi,612ef79b8bb88c006f3e36bb,Manaswita panigrahi,612ef79b8bb88c006f3e36bb,03/Sep/21 9:08 AM,07/Sep/21 11:31 AM,09/Sep/21 5:04 AM,07/Sep/21 11:31 AM,,0,,,Manaswita panigrahi,612ef79b8bb88c006f3e36bb,,,,,,,,,,,,,,,UN-13,UN-28,,,,,,,,,,,{},,,,,,,0|i00074:9,,UN Sprint 1,,,,,,,,In Progress
Verify whether the Tax 'Order Status' field shows dropdown box on clicking,UN-37,10062,Test,Done,UN,Uniform,software,Manaswita panigrahi,612ef79b8bb88c006f3e36bb,,Medium,Done,Manaswita panigrahi,612ef79b8bb88c006f3e36bb,Manaswita panigrahi,612ef79b8bb88c006f3e36bb,Manaswita panigrahi,612ef79b8bb88c006f3e36bb,03/Sep/21 9:05 AM,07/Sep/21 11:27 AM,09/Sep/21 5:04 AM,07/Sep/21 11:27 AM,,0,,,Manaswita panigrahi,612ef79b8bb88c006f3e36bb,,,,,,,,,,,,,,,UN-12,UN-28,,,,,,,,,,,{},,,,,,,0|i00074:6,,UN Sprint 1,,,,,,,,In Progress
Verify the Tax 'Group By' field with whether admin is able to select an option from the dropdown list,UN-36,10061,Test,Done,UN,Uniform,software,Manaswita panigrahi,612ef79b8bb88c006f3e36bb,,Medium,Done,Manaswita panigrahi,612ef79b8bb88c006f3e36bb,Manaswita panigrahi,612ef79b8bb88c006f3e36bb,Manaswita panigrahi,612ef79b8bb88c006f3e36bb,03/Sep/21 8:55 AM,07/Sep/21 11:32 AM,08/Sep/21 5:37 AM,07/Sep/21 11:31 AM,,0,,,Manaswita panigrahi,612ef79b8bb88c006f3e36bb,,,,,,,,,,,,,,,UN-11,UN-27,,,,,,,,,,,{},,,,,,,0|i00074:4,,UN Sprint 1,,,,,,,,In Progress
"Verify that on clicking the Tax 'Group By' field, admin sees the dropdown list",UN-35,10060,Test,Done,UN,Uniform,software,Manaswita panigrahi,612ef79b8bb88c006f3e36bb,,Medium,Done,Manaswita panigrahi,612ef79b8bb88c006f3e36bb,Manaswita panigrahi,612ef79b8bb88c006f3e36bb,Manaswita panigrahi,612ef79b8bb88c006f3e36bb,03/Sep/21 8:44 AM,07/Sep/21 11:31 AM,08/Sep/21 5:36 AM,07/Sep/21 11:31 AM,,0,,,Manaswita panigrahi,612ef79b8bb88c006f3e36bb,,,,,,,,,,,,,,,UN-10,UN-27,,,,,,,,,,,{},,,,,,,0|i00074:2,,UN Sprint 1,,,,,,,,In Progress
Verify the tax 'Date End' field with whether the calendar displays on clicking on the calendar icon,UN-34,10059,Test,Done,UN,Uniform,software,Manaswita panigrahi,612ef79b8bb88c006f3e36bb,,Medium,Done,Manaswita panigrahi,612ef79b8bb88c006f3e36bb,Manaswita panigrahi,612ef79b8bb88c006f3e36bb,Manaswita panigrahi,612ef79b8bb88c006f3e36bb,03/Sep/21 8:38 AM,07/Sep/21 11:28 AM,09/Sep/21 5:04 AM,07/Sep/21 11:28 AM,,0,,,Manaswita panigrahi,612ef79b8bb88c006f3e36bb,,,,,,,,,,,,,,,UN-9,UN-26,,,,,,,,,,,{},,,,,,,0|i00074:1,,UN Sprint 1,,,,,,,,In Progress
Verify the Tax 'Date End' field with selecting a date from the calendar,UN-33,10058,Test,Done,UN,Uniform,software,Manaswita panigrahi,612ef79b8bb88c006f3e36bb,,Medium,Done,Manaswita panigrahi,612ef79b8bb88c006f3e36bb,Manaswita panigrahi,612ef79b8bb88c006f3e36bb,Manaswita panigrahi,612ef79b8bb88c006f3e36bb,03/Sep/21 8:35 AM,07/Sep/21 11:31 AM,09/Sep/21 5:04 AM,07/Sep/21 11:31 AM,,0,,,Manaswita panigrahi,612ef79b8bb88c006f3e36bb,,,,,,,,,,,,,,,UN-8,UN-26,,,,,,,,,,,{},,,,,,,0|i00074:0i,,UN Sprint 1,,,,,,,,In Progress
Verify that the Tax 'Date Start' field takes manually entered date in the required format,UN-32,10057,Test,Done,UN,Uniform,software,Manaswita panigrahi,612ef79b8bb88c006f3e36bb,,Medium,Done,Manaswita panigrahi,612ef79b8bb88c006f3e36bb,Manaswita panigrahi,612ef79b8bb88c006f3e36bb,Manaswita panigrahi,612ef79b8bb88c006f3e36bb,03/Sep/21 6:54 AM,07/Sep/21 11:31 AM,08/Sep/21 5:36 AM,07/Sep/21 11:31 AM,,0,,,Manaswita panigrahi,612ef79b8bb88c006f3e36bb,,,,,,,,,,,,,,,UN-31,UN-25,,,,,,,,,,,{},,,,,,,0|i0006j:,,UN Sprint 1,,,,,,,,In Progress
Verify that the Orders 'Date Start' field with manually entered date ,UN-31,10056,Test,Done,UN,Uniform,software,Manaswita panigrahi,612ef79b8bb88c006f3e36bb,,Medium,Done,Manaswita panigrahi,612ef79b8bb88c006f3e36bb,Manaswita panigrahi,612ef79b8bb88c006f3e36bb,Manaswita panigrahi,612ef79b8bb88c006f3e36bb,03/Sep/21 6:44 AM,09/Sep/21 3:17 AM,09/Sep/21 3:17 AM,07/Sep/21 11:23 AM,,0,,,Manaswita panigrahi,612ef79b8bb88c006f3e36bb,,,,,,,,,,,,,,,,UN-2,,,,,,,,,,,{},,,,,,,0|i0004o:v9,,UN Sprint 1,,,,,,,,In Progress
Verify the Tax 'Date Start' field with selecting a date from the calendar,UN-30,10055,Test,Done,UN,Uniform,software,Manaswita panigrahi,612ef79b8bb88c006f3e36bb,,Medium,Done,Manaswita panigrahi,612ef79b8bb88c006f3e36bb,Manaswita panigrahi,612ef79b8bb88c006f3e36bb,Manaswita panigrahi,612ef79b8bb88c006f3e36bb,03/Sep/21 6:36 AM,07/Sep/21 11:30 AM,08/Sep/21 5:36 AM,07/Sep/21 11:30 AM,,0,,,Manaswita panigrahi,612ef79b8bb88c006f3e36bb,,,,,,,,,,,,,,,UN-7,UN-25,,,,,,,,,,,{},,,,,,,0|i00074:,,UN Sprint 1,,,,,,,,In Progress
Verify the Tax 'Date Start' field with whether the calendar displays on clicking on the calendar icon,UN-29,10054,Test,Done,UN,Uniform,software,Manaswita panigrahi,612ef79b8bb88c006f3e36bb,,Medium,Done,Manaswita panigrahi,612ef79b8bb88c006f3e36bb,Manaswita panigrahi,612ef79b8bb88c006f3e36bb,Manaswita panigrahi,612ef79b8bb88c006f3e36bb,03/Sep/21 6:15 AM,07/Sep/21 11:24 AM,09/Sep/21 5:04 AM,07/Sep/21 11:24 AM,,0,,,Manaswita panigrahi,612ef79b8bb88c006f3e36bb,,,,,,,,,,,,,,,UN-6,UN-25,,,,,,,,,,,{},,,,,,,0|i0005z:,,UN Sprint 1,,,,,,,,In Progress
"As an admin, I want to give my order status in tax field so that I can filter all taxes coming under that status",UN-28,10053,Story,Done,UN,Uniform,software,Manaswita panigrahi,612ef79b8bb88c006f3e36bb,,Medium,Done,Manaswita panigrahi,612ef79b8bb88c006f3e36bb,Manaswita panigrahi,612ef79b8bb88c006f3e36bb,Manaswita panigrahi,612ef79b8bb88c006f3e36bb,03/Sep/21 6:04 AM,07/Sep/21 11:25 AM,09/Sep/21 3:24 AM,07/Sep/21 11:25 AM,,0,,,Manaswita panigrahi,612ef79b8bb88c006f3e36bb,,,,,,,,,,,,,,,,,,,,,,,,,,,{},,UN-1,,,,,0|i0008w:zfi,,UN Sprint 1,,,,,,,,In Progress
"As an admin, I want to Group By the Taxes so that I can see the tax details of a specified time",UN-27,10052,Story,Done,UN,Uniform,software,Manaswita panigrahi,612ef79b8bb88c006f3e36bb,,Medium,Done,Manaswita panigrahi,612ef79b8bb88c006f3e36bb,Manaswita panigrahi,612ef79b8bb88c006f3e36bb,Manaswita panigrahi,612ef79b8bb88c006f3e36bb,03/Sep/21 6:02 AM,07/Sep/21 11:27 AM,09/Sep/21 3:22 AM,07/Sep/21 11:27 AM,,0,,,Manaswita panigrahi,612ef79b8bb88c006f3e36bb,,,,,,,,,,,,,,,,,,,,,,,,,,,{},,UN-1,,,,,0|i0008w:zg,,UN Sprint 1,,,,,,,,In Progress
"As an admin, I want  to enter Tax End date, so that I can get details of all taxes upto the last order",UN-26,10051,Story,blocked,UN,Uniform,software,Manaswita panigrahi,612ef79b8bb88c006f3e36bb,,Medium,,Manaswita panigrahi,612ef79b8bb88c006f3e36bb,Manaswita panigrahi,612ef79b8bb88c006f3e36bb,Manaswita panigrahi,612ef79b8bb88c006f3e36bb,03/Sep/21 6:00 AM,07/Sep/21 8:29 AM,09/Sep/21 3:20 AM,,,0,,,Manaswita panigrahi,612ef79b8bb88c006f3e36bb,,,,,,,,,,,,,,,,,,,,,,,,,,,{},,UN-1,,,,,0|i0005y:y,,UN Sprint 1,,,,,,,,In Progress
"As an admin, I want to enter Tax Start date ,so that I can  get the details of all orders from the starting date",UN-25,10050,Story,blocked,UN,Uniform,software,Manaswita panigrahi,612ef79b8bb88c006f3e36bb,,Medium,,Manaswita panigrahi,612ef79b8bb88c006f3e36bb,Manaswita panigrahi,612ef79b8bb88c006f3e36bb,Manaswita panigrahi,612ef79b8bb88c006f3e36bb,03/Sep/21 5:58 AM,07/Sep/21 8:29 AM,09/Sep/21 3:18 AM,,,0,,,Manaswita panigrahi,612ef79b8bb88c006f3e36bb,,,,,,,,,,,,,,,,,,,,,,,,,,,{},,UN-1,,,,,0|i0005y:6,,UN Sprint 1,,,,,,,,In Progress
Verify whether the Tax Group By and Order Status are filtered in the result,UN-24,10049,Test,Done,UN,Uniform,software,Manaswita panigrahi,612ef79b8bb88c006f3e36bb,,Medium,Done,Manaswita panigrahi,612ef79b8bb88c006f3e36bb,Manaswita panigrahi,612ef79b8bb88c006f3e36bb,Manaswita panigrahi,612ef79b8bb88c006f3e36bb,03/Sep/21 5:21 AM,07/Sep/21 11:24 AM,08/Sep/21 5:29 AM,07/Sep/21 11:24 AM,,0,,,Manaswita panigrahi,612ef79b8bb88c006f3e36bb,,,,,,,,,,,,,,,UN-19,UN-21,,,,,,,,,,,{},,,,,,,0|i0005y:5,,UN Sprint 1,,,,,,,,In Progress
Verify the Tax Date Start and Date End fields are correctly filtered in the result,UN-23,10048,Test,Done,UN,Uniform,software,Manaswita panigrahi,612ef79b8bb88c006f3e36bb,,Medium,Done,Manaswita panigrahi,612ef79b8bb88c006f3e36bb,Manaswita panigrahi,612ef79b8bb88c006f3e36bb,Manaswita panigrahi,612ef79b8bb88c006f3e36bb,03/Sep/21 5:16 AM,07/Sep/21 11:23 AM,08/Sep/21 5:33 AM,07/Sep/21 11:23 AM,,0,,,Manaswita panigrahi,612ef79b8bb88c006f3e36bb,,,,,,,,,,,,,,,UN-18,UN-21,,,,,,,,,,,{},,,,,,,0|i0005y:4,,UN Sprint 1,,,,,,,,In Progress
Verify the 'tax section' if filter button is clickable,UN-22,10047,Test,Done,UN,Uniform,software,Manaswita panigrahi,612ef79b8bb88c006f3e36bb,,Medium,Done,Manaswita panigrahi,612ef79b8bb88c006f3e36bb,Manaswita panigrahi,612ef79b8bb88c006f3e36bb,Manaswita panigrahi,612ef79b8bb88c006f3e36bb,03/Sep/21 4:58 AM,07/Sep/21 11:23 AM,08/Sep/21 5:33 AM,07/Sep/21 11:23 AM,,0,,,Manaswita panigrahi,612ef79b8bb88c006f3e36bb,,,,,,,,,,,,,,,UN-17,UN-21,,,,,,,,,,,{},,,,,,,0|i0005y:,,UN Sprint 1,,,,,,,,In Progress
"As an admin, I want to filter the tax Date Start, Date End, Group By and Order Status fields so that I can get my desired records",UN-21,10046,Story,Done,UN,Uniform,software,Manaswita panigrahi,612ef79b8bb88c006f3e36bb,,Medium,Done,Manaswita panigrahi,612ef79b8bb88c006f3e36bb,Manaswita panigrahi,612ef79b8bb88c006f3e36bb,Manaswita panigrahi,612ef79b8bb88c006f3e36bb,03/Sep/21 4:02 AM,07/Sep/21 11:23 AM,08/Sep/21 5:34 AM,07/Sep/21 11:23 AM,,0,,,Manaswita panigrahi,612ef79b8bb88c006f3e36bb,,,,,,,,,,,,,,,,,,,,,,,,,,,{},,UN-1,,,,,0|i0005x:i,,UN Sprint 1,,,,,,,,In Progress
"Verify the orders, tax and shipping details is shown under the sales reports",UN-20,10045,Test,Done,UN,Uniform,software,Manaswita panigrahi,612ef79b8bb88c006f3e36bb,,Medium,Done,Manaswita panigrahi,612ef79b8bb88c006f3e36bb,Manaswita panigrahi,612ef79b8bb88c006f3e36bb,Manaswita panigrahi,612ef79b8bb88c006f3e36bb,02/Sep/21 11:37 AM,07/Sep/21 11:23 AM,09/Sep/21 5:04 AM,07/Sep/21 11:23 AM,,0,,,Manaswita panigrahi,612ef79b8bb88c006f3e36bb,,,,,,,,,,,,,,,UN-19,UN-16,,,,,,,,,,,{},,,,,,,0|i0004o:vi,,UN Sprint 1,,,,,,,,In Progress
Verify whether the Orders  Group By and Order Status are filtered in the result,UN-19,10044,Test,Done,UN,Uniform,software,Manaswita panigrahi,612ef79b8bb88c006f3e36bb,,Medium,Done,Manaswita panigrahi,612ef79b8bb88c006f3e36bb,Manaswita panigrahi,612ef79b8bb88c006f3e36bb,Manaswita panigrahi,612ef79b8bb88c006f3e36bb,02/Sep/21 11:27 AM,07/Sep/21 11:22 AM,09/Sep/21 5:04 AM,07/Sep/21 11:22 AM,,0,,,Manaswita panigrahi,612ef79b8bb88c006f3e36bb,,,,,,,,,,,,,,,UN-18,UN-15,,,,,,,,,,,{},,,,,,,0|i0004o:t,,UN Sprint 1,,,,,,,,In Progress
Verify the Orders Date Start and Date End fields are filtered in the result,UN-18,10043,Test,Done,UN,Uniform,software,Manaswita panigrahi,612ef79b8bb88c006f3e36bb,,Medium,Done,Manaswita panigrahi,612ef79b8bb88c006f3e36bb,Manaswita panigrahi,612ef79b8bb88c006f3e36bb,Manaswita panigrahi,612ef79b8bb88c006f3e36bb,02/Sep/21 11:06 AM,09/Sep/21 3:32 AM,09/Sep/21 3:32 AM,07/Sep/21 11:22 AM,,0,,,Manaswita panigrahi,612ef79b8bb88c006f3e36bb,,,,,,,,,,,,,,,UN-17,UN-15,,,,,,,,,,,{},,,,,,,0|i0004o:s,,UN Sprint 1,,,,,,,,In Progress
Verify that the 'Orders section' if filter button is clickable,UN-17,10042,Test,Done,UN,Uniform,software,Manaswita panigrahi,612ef79b8bb88c006f3e36bb,,Medium,Done,Manaswita panigrahi,612ef79b8bb88c006f3e36bb,Manaswita panigrahi,612ef79b8bb88c006f3e36bb,Manaswita panigrahi,612ef79b8bb88c006f3e36bb,02/Sep/21 10:52 AM,07/Sep/21 11:22 AM,09/Sep/21 5:04 AM,07/Sep/21 11:22 AM,,0,,,Manaswita panigrahi,612ef79b8bb88c006f3e36bb,,,,,,,,,,,,,,,,UN-15,,,,,,,,,,,{},,,,,,,0|i0004o:ri,,UN Sprint 1,,,,,,,,In Progress
"As an admin, I want to see my Orders, Tax and shipping reports under reports section so that I can keep a track on my reports",UN-16,10041,Story,Done,UN,Uniform,software,Manaswita panigrahi,612ef79b8bb88c006f3e36bb,,Medium,Done,Manaswita panigrahi,612ef79b8bb88c006f3e36bb,Manaswita panigrahi,612ef79b8bb88c006f3e36bb,Manaswita panigrahi,612ef79b8bb88c006f3e36bb,02/Sep/21 10:50 AM,07/Sep/21 11:23 AM,09/Sep/21 5:04 AM,07/Sep/21 11:23 AM,,0,,,Manaswita panigrahi,612ef79b8bb88c006f3e36bb,,,,,,,,,,,,,,,,,,,,,,,,,,,{},,UN-1,,,,,0|i0005x:,,UN Sprint 1,,,,,,,,In Progress
"As an admin, I want to filter the Orders Date Start, Date End, Group By and Order Status fields so that I can get my desired report",UN-15,10040,Story,Done,UN,Uniform,software,Manaswita panigrahi,612ef79b8bb88c006f3e36bb,,Medium,Done,Manaswita panigrahi,612ef79b8bb88c006f3e36bb,Manaswita panigrahi,612ef79b8bb88c006f3e36bb,Manaswita panigrahi,612ef79b8bb88c006f3e36bb,02/Sep/21 10:44 AM,07/Sep/21 11:23 AM,09/Sep/21 3:35 AM,07/Sep/21 11:23 AM,,0,,,Manaswita panigrahi,612ef79b8bb88c006f3e36bb,,,,,,,,,,,,,,,,,,,,,,,,,,,{},,UN-1,,,,,0|i00052:,,UN Sprint 1,,,,,,,,In Progress
"Verify the 'Order Status' field in orders, with multiple selection from the dropdown list",UN-14,10039,Test,Done,UN,Uniform,software,Manaswita panigrahi,612ef79b8bb88c006f3e36bb,,Medium,Done,Manaswita panigrahi,612ef79b8bb88c006f3e36bb,Manaswita panigrahi,612ef79b8bb88c006f3e36bb,Manaswita panigrahi,612ef79b8bb88c006f3e36bb,02/Sep/21 10:24 AM,07/Sep/21 11:22 AM,09/Sep/21 5:04 AM,07/Sep/21 11:22 AM,,0,,,Manaswita panigrahi,612ef79b8bb88c006f3e36bb,,,,,,,,,,,,,,,UN-13,UN-5,,,,,,,,,,,{},,,,,,,0|i0004o:q,,UN Sprint 1,,,,,,,,In Progress
Verify 'Order Status' field in Orders whether admin is able to select an option from the dropdown,UN-13,10038,Test,Done,UN,Uniform,software,Manaswita panigrahi,612ef79b8bb88c006f3e36bb,,Medium,Done,Manaswita panigrahi,612ef79b8bb88c006f3e36bb,Manaswita panigrahi,612ef79b8bb88c006f3e36bb,Manaswita panigrahi,612ef79b8bb88c006f3e36bb,02/Sep/21 10:21 AM,07/Sep/21 11:22 AM,09/Sep/21 5:04 AM,07/Sep/21 11:22 AM,,0,,,Manaswita panigrahi,612ef79b8bb88c006f3e36bb,,,,,,,,,,,,,,,UN-12,UN-5,,,,,,,,,,,{},,,,,,,0|i0004l:,,UN Sprint 1,,,,,,,,In Progress
Verify whether the Orders 'Order Status' field shows dropdown box on clicking,UN-12,10037,Test,Done,UN,Uniform,software,Manaswita panigrahi,612ef79b8bb88c006f3e36bb,,Medium,Done,Manaswita panigrahi,612ef79b8bb88c006f3e36bb,Manaswita panigrahi,612ef79b8bb88c006f3e36bb,Manaswita panigrahi,612ef79b8bb88c006f3e36bb,02/Sep/21 10:03 AM,07/Sep/21 11:22 AM,08/Sep/21 5:29 AM,07/Sep/21 11:22 AM,,0,,,Manaswita panigrahi,612ef79b8bb88c006f3e36bb,,,,,,,,,,,,,,,UN-11,UN-5,,,,,,,,,,,{},,,,,,,0|i0004j:,,UN Sprint 1,,,,,,,,In Progress
Verify the Orders 'Group By' field with whether admin is able to select an option from the dropdown list,UN-11,10036,Test,Done,UN,Uniform,software,Manaswita panigrahi,612ef79b8bb88c006f3e36bb,,Medium,Done,Manaswita panigrahi,612ef79b8bb88c006f3e36bb,Manaswita panigrahi,612ef79b8bb88c006f3e36bb,Manaswita panigrahi,612ef79b8bb88c006f3e36bb,02/Sep/21 9:53 AM,07/Sep/21 11:21 AM,08/Sep/21 5:28 AM,07/Sep/21 11:21 AM,,0,,,Manaswita panigrahi,612ef79b8bb88c006f3e36bb,,,,,,,,,,,,,,,UN-10,UN-4,,,,,,,,,,,{},,,,,,,0|i0004i:,,UN Sprint 1,,,,,,,,In Progress
"Verify that on clicking the Orders 'Group By' field, admin sees the dropdown list",UN-10,10035,Test,Done,UN,Uniform,software,Manaswita panigrahi,612ef79b8bb88c006f3e36bb,,Medium,Done,Manaswita panigrahi,612ef79b8bb88c006f3e36bb,Manaswita panigrahi,612ef79b8bb88c006f3e36bb,Manaswita panigrahi,612ef79b8bb88c006f3e36bb,02/Sep/21 9:46 AM,07/Sep/21 11:22 AM,08/Sep/21 5:28 AM,07/Sep/21 11:22 AM,,0,,,Manaswita panigrahi,612ef79b8bb88c006f3e36bb,,,,,,,,,,,,,,,,UN-4,,,,,,,,,,,{},,,,,,,0|i0004f:,,UN Sprint 1,,,,,,,,In Progress
Verify the Orders 'Date End' field with whether the calendar displays on clicking on the calendar icon,UN-9,10034,Test,Done,UN,Uniform,software,Manaswita panigrahi,612ef79b8bb88c006f3e36bb,,Medium,Done,Manaswita panigrahi,612ef79b8bb88c006f3e36bb,Manaswita panigrahi,612ef79b8bb88c006f3e36bb,Manaswita panigrahi,612ef79b8bb88c006f3e36bb,02/Sep/21 9:33 AM,07/Sep/21 11:21 AM,09/Sep/21 2:59 AM,07/Sep/21 11:21 AM,,0,,,Manaswita panigrahi,612ef79b8bb88c006f3e36bb,,,,,,,,,,,,,,,,UN-3,,,,,,,,,,,{},,,,,,,0|i0004e:,,UN Sprint 1,,,,,,,,In Progress
Verify the Orders 'Date End' field with selecting a date from the calendar,UN-8,10033,Test,Done,UN,Uniform,software,Manaswita panigrahi,612ef79b8bb88c006f3e36bb,,Medium,Done,Manaswita panigrahi,612ef79b8bb88c006f3e36bb,Manaswita panigrahi,612ef79b8bb88c006f3e36bb,Manaswita panigrahi,612ef79b8bb88c006f3e36bb,02/Sep/21 8:38 AM,07/Sep/21 11:21 AM,09/Sep/21 3:00 AM,07/Sep/21 11:21 AM,,0,,,Manaswita panigrahi,612ef79b8bb88c006f3e36bb,,,,,,,,,,,,,,,,UN-3,,,,,,,,,,,{},,,,,,,0|i0004d:,,UN Sprint 1,,,,,,,,In Progress
Verify the Orders 'Date Start' field with selecting a date from the calendar,UN-7,10032,Test,Done,UN,Uniform,software,Manaswita panigrahi,612ef79b8bb88c006f3e36bb,,Medium,Done,Manaswita panigrahi,612ef79b8bb88c006f3e36bb,Manaswita panigrahi,612ef79b8bb88c006f3e36bb,Manaswita panigrahi,612ef79b8bb88c006f3e36bb,02/Sep/21 8:27 AM,07/Sep/21 11:20 AM,09/Sep/21 2:57 AM,07/Sep/21 11:20 AM,,0,,,Manaswita panigrahi,612ef79b8bb88c006f3e36bb,,,,,,,,,,,,,,,UN-6,UN-2,,,,,,,,,,,{},,,,,,,0|i00045:,,UN Sprint 1,,,,,,,,In Progress
Verify the Orders 'Date Start' field with whether the calendar displays on clicking on the calendar icon,UN-6,10031,Test,Done,UN,Uniform,software,Manaswita panigrahi,612ef79b8bb88c006f3e36bb,,Medium,Done,Manaswita panigrahi,612ef79b8bb88c006f3e36bb,Manaswita panigrahi,612ef79b8bb88c006f3e36bb,Manaswita panigrahi,612ef79b8bb88c006f3e36bb,02/Sep/21 8:19 AM,07/Sep/21 11:19 AM,09/Sep/21 2:56 AM,07/Sep/21 11:19 AM,,0,,,Manaswita panigrahi,612ef79b8bb88c006f3e36bb,,,,,,,,,,,,,,,,UN-2,,,,,,,,,,,{},,,,,,,0|i00044:i,,UN Sprint 1,,,,,,,,In Progress
"As an admin, I want to give my order status so that I can filter all orders coming under that status",UN-5,10030,Story,Done,UN,Uniform,software,Manaswita panigrahi,612ef79b8bb88c006f3e36bb,,Medium,Done,Manaswita panigrahi,612ef79b8bb88c006f3e36bb,Manaswita panigrahi,612ef79b8bb88c006f3e36bb,Manaswita panigrahi,612ef79b8bb88c006f3e36bb,02/Sep/21 7:13 AM,07/Sep/21 11:16 AM,09/Sep/21 3:22 AM,07/Sep/21 11:16 AM,,0,,,Manaswita panigrahi,612ef79b8bb88c006f3e36bb,,,,,,,,,,,,,,,,,,,,,,,,,,,{},,UN-1,,,,,0|i00042:,,UN Sprint 1,,,,,,,,In Progress
"As an admin, I want to Group By my Orders so that I can access the order details of a specified time",UN-4,10029,Story,Done,UN,Uniform,software,Manaswita panigrahi,612ef79b8bb88c006f3e36bb,,Medium,Done,Manaswita panigrahi,612ef79b8bb88c006f3e36bb,Manaswita panigrahi,612ef79b8bb88c006f3e36bb,Manaswita panigrahi,612ef79b8bb88c006f3e36bb,02/Sep/21 7:09 AM,07/Sep/21 11:16 AM,09/Sep/21 4:41 AM,07/Sep/21 11:16 AM,,0,,,Manaswita panigrahi,612ef79b8bb88c006f3e36bb,,,,,,,,,,,,,,,,,,,,,,,,,,,{},,UN-1,,,,,0|i00041:v,,UN Sprint 1,,,,,,,,In Progress
"As an admin, I want  to enter Orders End date, so that I can get all details upto the last order",UN-3,10028,Story,blocked,UN,Uniform,software,Manaswita panigrahi,612ef79b8bb88c006f3e36bb,,Medium,,Manaswita panigrahi,612ef79b8bb88c006f3e36bb,Manaswita panigrahi,612ef79b8bb88c006f3e36bb,Manaswita panigrahi,612ef79b8bb88c006f3e36bb,02/Sep/21 7:07 AM,07/Sep/21 8:58 AM,09/Sep/21 3:18 AM,,,0,,,Manaswita panigrahi,612ef79b8bb88c006f3e36bb,,,,,,,,,,,,,,,,,,,,,,,,,,,{},,UN-1,,,,,0|i00041:r,,UN Sprint 1,,,,,,,,In Progress
"As an admin, I want to enter orders Start date ,so that I can  get the detail of all orders from the first order",UN-2,10027,Story,blocked,UN,Uniform,software,Manaswita panigrahi,612ef79b8bb88c006f3e36bb,,Medium,,Manaswita panigrahi,612ef79b8bb88c006f3e36bb,Manaswita panigrahi,612ef79b8bb88c006f3e36bb,Manaswita panigrahi,612ef79b8bb88c006f3e36bb,02/Sep/21 7:05 AM,07/Sep/21 8:57 AM,09/Sep/21 4:41 AM,,,0,,,Manaswita panigrahi,612ef79b8bb88c006f3e36bb,,,,,,,,,,,,,,,,,,,,,,,,,,,{},,UN-1,,,,,0|i00041:i,,UN Sprint 1,,,,,,,,In Progress
Sales Reports,UN-1,10026,Epic,In Progress,UN,Uniform,software,Manaswita panigrahi,612ef79b8bb88c006f3e36bb,,Medium,,Manaswita panigrahi,612ef79b8bb88c006f3e36bb,Manaswita panigrahi,612ef79b8bb88c006f3e36bb,Manaswita panigrahi,612ef79b8bb88c006f3e36bb,02/Sep/21 6:45 AM,07/Sep/21 6:18 AM,09/Sep/21 4:00 AM,,,0,,,Manaswita panigrahi,612ef79b8bb88c006f3e36bb,,,,,,,,,,,,,,,,,,,,,,,,,,,{},ghx-label-7,,Sales Reports,To Do,,,0|i00041:,,UN Sprint 1,,,,,,,,In Progress
